{"GET /merchants": [1568.9268112182617, 1369.0721988677979, 1370.603084564209, 1356.895923614502, 1744.570016860962, 2179.0738105773926, 1353.7580966949463, 1304.149866104126, 1618.2560920715332, 1316.1330223083496, 1397.5670337677002, 1301.7888069152832, 1515.7089233398438, 1462.0170593261719, 1331.5260410308838, 1317.227840423584, 1732.234001159668, 1366.8370246887207, 1399.6598720550537, 1522.2711563110352, 1361.340045928955, 1343.0721759796143, 1649.893045425415, -1, 1351.6499996185303, 1452.6801109313965, 1328.8979530334473, 2162.5101566314697, 1399.1549015045166, 1563.817024230957, 1340.5790328979492, 1410.5780124664307, 1339.0369415283203, 1332.0660591125488, -1, 1322.3600387573242, 1342.3371315002441, 1357.0060729980469, 1695.0020790100098, 1540.9300327301025, 1552.4489879608154, -1, 2037.8501415252686, 1535.0408554077148, 1518.5139179229736, 1348.477840423584, 1320.1179504394531, 1301.8498420715332, 1586.8918895721436, 1338.771104812622, 1711.766004562378, 1459.4550132751465, 1517.313003540039, 1308.4828853607178, 1554.7749996185303, 1529.6809673309326, 1341.447114944458, 1429.750919342041, 1549.3409633636475, 1526.9501209259033, 1549.3919849395752, 1316.2930011749268, 1311.6629123687744, 1341.7470455169678, 1310.3289604187012, 1333.9269161224365, 1333.893060684204, 1548.4960079193115, 1314.5239353179932, 1330.3461074829102, 1357.893943786621, 1327.7180194854736, 1331.995964050293, 1655.0672054290771, 1419.018030166626, 1318.411111831665, 1324.3000507354736, 1455.946922302246, 1331.709861755371, 1733.8969707489014, 1540.54594039917, -1, 1887.2408866882324, 1706.1469554901123, 1496.2151050567627, 1308.3980083465576, 1453.4180164337158, 1554.987907409668, 1330.8689594268799, 1547.9178428649902, 1717.7350521087646, -1, 1341.6149616241455, 1627.2990703582764, 1420.9468364715576, 1352.773904800415, 1525.6500244140625, 1326.9169330596924, 2055.4919242858887, 1320.0910091400146], "GET /categories": [513.8208866119385, 88.71293067932129, 90.5301570892334, 83.32514762878418, 90.77000617980957, 82.95893669128418, 88.42206001281738, 86.37809753417969, 90.53587913513184, 85.7539176940918, -1, 1162.290096282959, 45.93706130981445, 89.30397033691406, 87.44001388549805, 65.96994400024414, 83.93096923828125, 85.07800102233887, 87.13698387145996, -1, 503.79109382629395, 83.64510536193848, 88.37103843688965, 85.23893356323242, 81.51006698608398, 85.62397956848145, 88.56797218322754, 85.52789688110352, 83.47797393798828, 85.98709106445312, 95.55697441101074, 87.56494522094727, 83.5261344909668, 84.28406715393066, 83.54711532592773, 87.01586723327637, 86.16399765014648, 82.62300491333008, 83.71210098266602, 96.5421199798584, 90.09909629821777, 84.53798294067383, 80.36494255065918, 88.62805366516113, 82.5650691986084, 84.43093299865723, 85.3579044342041, 126.3580322265625, 84.31410789489746, 92.53501892089844, 1858.5319519042969, 55.692195892333984, 91.08686447143555, 87.50009536743164, 85.84809303283691, 89.22100067138672, 86.60101890563965, 85.5858325958252, 104.46715354919434, 113.51680755615234, 91.68410301208496, 85.97898483276367, 87.69798278808594, 88.73891830444336, 85.12282371520996, 86.67683601379395, 85.33883094787598, 84.5799446105957, 88.79494667053223, 83.73808860778809, 85.52289009094238, 94.04921531677246, 82.84497261047363, 79.77104187011719, 88.41300010681152, 84.02705192565918, 91.74799919128418, 89.03193473815918, 83.67395401000977, 82.70692825317383, 92.81802177429199, 82.28492736816406, 80.75499534606934, 83.83417129516602, 83.3430290222168, 84.19513702392578, -1, 42.86694526672363, 82.03387260437012, 97.86701202392578, 86.7919921875, 96.01902961730957, 52.43492126464844, 86.42816543579102, 87.63408660888672, 85.07204055786133, 83.59193801879883, 82.44109153747559, 98.12808036804199, 90.27791023254395], "GET /sizes": [438.4469985961914, 924.008846282959, 614.9039268493652, 921.7469692230225, 611.0398769378662, 923.9358901977539, 477.85210609436035, 569.2489147186279, 493.2260513305664, 607.4140071868896, 617.3889636993408, 818.8300132751465, 716.2609100341797, 495.33700942993164, 554.6748638153076, 490.3290271759033, 610.0959777832031, 614.4680976867676, 481.9350242614746, 745.8760738372803, 497.1928596496582, 746.8621730804443, 599.1640090942383, 457.9777717590332, 559.790849685669, 826.5209197998047, 539.5188331604004, 700.3569602966309, 531.6929817199707, 601.3429164886475, 558.7069988250732, 464.9200439453125, 602.0090579986572, 606.1010360717773, 922.3899841308594, 614.2630577087402, 614.4850254058838, 613.692045211792, 615.2961254119873, 611.3500595092773, 924.0381717681885, 497.76387214660645, 512.2179985046387, 833.1620693206787, 499.8939037322998, 728.4588813781738, 490.9648895263672, 735.468864440918, 477.88310050964355, 752.7408599853516, 614.311933517456, 499.06206130981445, 489.01987075805664, 551.8279075622559, 608.5999011993408, 922.929048538208, 614.5808696746826, 928.6248683929443, 453.37510108947754, 641.4599418640137, 458.6648941040039, 894.9060440063477, 616.2140369415283, 866.27197265625, 669.0630912780762, 614.3968105316162, 454.29015159606934, 546.97585105896, 841.6168689727783, 503.3998489379883, 518.0490016937256, 2009.186029434204, 655.5960178375244, 614.055871963501, 490.3390407562256, 511.5079879760742, 725.4319190979004, 480.7569980621338, 863.5249137878418, 1749.8910427093506, 531.1338901519775, 790.7500267028809, 619.5988655090332, 609.6999645233154, 918.1869029998779, 410.736083984375, 820.9669589996338, 1228.1169891357422, 615.2429580688477, 457.6718807220459, 770.5349922180176, 444.3490505218506, 784.3320369720459, 614.3670082092285, 614.0141487121582, 613.7728691101074, 922.2359657287598, 613.8870716094971, 510.3938579559326, 512.4020576477051]}