{"GET /brands run #1": [399.48105812072754, 329.86903190612793, 327.84414291381836, 319.1359043121338, 354.66504096984863, 287.7190113067627, 320.0500011444092, 376.98888778686523, 282.6859951019287, 285.4890823364258, 347.1641540527344, 336.49706840515137, 283.876895904541, 313.91096115112305, 395.5709934234619, 282.12618827819824, 281.08692169189453, 323.23503494262695, 387.59899139404297, 281.6200256347656, 282.90510177612305, 334.7959518432617, 369.54212188720703, 283.0820083618164, 279.83999252319336, 407.5939655303955, 280.90691566467285, 282.5889587402344, 312.2849464416504, 358.396053314209, 277.4069309234619, 284.3301296234131, 362.9038333892822, 322.91603088378906, 274.4889259338379, 307.6050281524658, 383.3050727844238, 273.2861042022705, 272.5710868835449, 315.78898429870605, 365.3848171234131, 280.48086166381836, 277.2259712219238, 330.87706565856934, 344.6638584136963, 273.26297760009766, 293.1230068206787, 395.7970142364502, 280.08008003234863, 283.09106826782227, 312.2420310974121, 365.58985710144043, 274.9919891357422, 273.7619876861572, 336.49301528930664, 344.21300888061523, 276.8359184265137, 301.699161529541, 395.1680660247803, 285.19606590270996, 273.3640670776367, 315.654993057251, 358.1128120422363, 281.4018726348877, 277.6350975036621, 359.58290100097656, 325.17099380493164, 276.02291107177734, 311.59186363220215, 362.58697509765625, 281.6770076751709, 273.906946182251, 334.12718772888184, 338.3769989013672, 272.77112007141113, 301.76782608032227, 391.96205139160156, 272.0348834991455, 281.24189376831055, 323.05192947387695, 336.72094345092773, 277.09412574768066, 293.7288284301758, 391.82186126708984, 278.3520221710205, 273.32615852355957, 321.7499256134033, 358.3550453186035, 284.7280502319336, 280.61890602111816, 330.5540084838867, 346.69017791748047, 286.12399101257324, 310.75596809387207, 390.3679847717285, 274.8861312866211, 270.83492279052734, 324.099063873291, 358.80589485168457, 282.03797340393066], "GET /brands run #0": [576.422929763794, 540.1320457458496, 528.613805770874, 617.3191070556641, 599.5700359344482, 537.9769802093506, 545.8600521087646, 558.3288669586182, 546.2980270385742, 539.5169258117676, 547.4910736083984, 540.6668186187744, 569.4341659545898, 525.4619121551514, 530.789852142334, 540.8878326416016, 535.4490280151367, 541.5630340576172, 527.9080867767334, 550.8260726928711, 537.3399257659912, 529.7410488128662, 534.2211723327637, 522.773027420044, 524.6460437774658, 533.4999561309814, 555.9051036834717, 522.8707790374756, 531.5489768981934, 648.3640670776367, 522.4931240081787, 518.1050300598145, 519.615888595581, 532.2868824005127, 538.7201309204102, 525.1150131225586, 520.7781791687012, 533.2670211791992, 521.2290287017822, 528.1839370727539, 524.3759155273438, 535.3820323944092, 517.1570777893066, 523.345947265625, 522.4161148071289, 523.2000350952148, 512.0639801025391, 525.7139205932617, 512.7401351928711, 532.8528881072998, 518.6491012573242, 522.1021175384521, 526.7391204833984, 522.7110385894775, 527.9991626739502, 529.2580127716064, 526.7140865325928, 515.9859657287598, 512.498140335083, 523.4990119934082, 519.7169780731201, 519.8719501495361, 523.6260890960693, 517.564058303833, 527.1730422973633, 521.9120979309082, 526.1499881744385, 529.5441150665283, 645.8098888397217, 535.6059074401855, 522.1021175384521, 533.0820083618164, 530.2670001983643, 522.1579074859619, 513.4508609771729, 524.7969627380371, 524.0740776062012, 508.9859962463379, 520.4849243164062, 517.6739692687988, 516.98899269104, 515.6080722808838, 522.0909118652344, 530.6720733642578, 514.3461227416992, 531.9459438323975, 525.6428718566895, 515.4359340667725, 524.8990058898926, 516.3190364837646, 539.8919582366943, 529.4449329376221, 527.89306640625, 544.5590019226074, 523.0801105499268, 521.4550495147705, 518.82004737854, 525.7289409637451, 537.6720428466797, 525.3608226776123]}