{"GET /sizes run #0": [292.2220230102539, 230.47900199890137, 231.10389709472656, 248.95715713500977, 236.39607429504395, 193.43304634094238, 210.59703826904297, 233.17289352416992, 216.17412567138672, 186.35201454162598, 226.73988342285156, 259.60302352905273, 174.84617233276367, 203.70197296142578, 238.60692977905273, 213.37008476257324, 184.42702293395996, 219.49100494384766, 261.9750499725342, 168.78795623779297, 195.1160430908203, 246.92702293395996, 219.10500526428223, 183.17198753356934, 210.85000038146973, 243.81399154663086, 227.9660701751709, 180.85622787475586, 209.51104164123535, 243.11089515686035, 197.4649429321289, 187.61610984802246, 224.72000122070312, 248.54803085327148, 183.67695808410645, 199.55801963806152, 219.50697898864746, 209.87296104431152, 178.04408073425293, 225.67296028137207, 256.17003440856934, 176.33390426635742, 201.2310028076172, 234.6789836883545, 218.23406219482422, 188.6138916015625, 227.87094116210938, 258.15796852111816, 172.7900505065918, 200.0119686126709, 234.8189353942871, 223.37985038757324, 185.61697006225586, 224.44486618041992, 269.6950435638428, 175.0779151916504, 196.90489768981934, 238.88015747070312, 227.08582878112793, 174.08299446105957, 215.440034866333, 230.09705543518066, 216.36581420898438, 183.70890617370605, 224.56598281860352, 265.77186584472656, 174.760103225708, 201.99298858642578, 235.80408096313477, 214.8909568786621, 185.18996238708496, 224.5631217956543, 262.00389862060547, 177.41680145263672, 198.25387001037598, 236.037015914917, 217.6980972290039, 185.99295616149902, 207.6411247253418, 232.26404190063477, 208.42599868774414, 193.0561065673828, 235.64386367797852, 218.93310546875, 183.1190586090088, 215.09099006652832, 236.3429069519043, 221.39215469360352, 179.44908142089844, 222.4290370941162, 258.6069107055664, 175.33397674560547, 199.42593574523926, 236.31691932678223, 211.6999626159668, 182.83700942993164, 231.53996467590332, 262.8648281097412, 173.7229824066162, 195.68896293640137], "GET /sizes run #1": [43.53189468383789, 21.049976348876953, 19.793987274169922, 16.48092269897461, 15.826940536499023, 15.823841094970703, 16.521930694580078, 15.83099365234375, 19.118070602416992, 16.588926315307617, 16.24917984008789, 15.995025634765625, 19.528865814208984, 16.215085983276367, 17.26508140563965, 17.879962921142578, 22.30215072631836, 16.22486114501953, 16.16692543029785, 15.66004753112793, 17.950057983398438, 19.707918167114258, 17.402172088623047, 16.097068786621094, 15.841007232666016, 17.48204231262207, 17.45295524597168, 17.44985580444336, 17.465829849243164, 15.24209976196289, 16.932010650634766, 23.843050003051758, 20.034074783325195, 16.597986221313477, 16.969919204711914, 16.90983772277832, 16.53003692626953, 17.248153686523438, 16.212940216064453, 17.59481430053711, 18.764972686767578, 17.067909240722656, 17.37809181213379, 18.121004104614258, 30.987977981567383, 19.526958465576172, 15.517950057983398, 14.809131622314453, 15.590906143188477, 14.739990234375, 15.625, 18.09215545654297, 15.594005584716797, 14.75381851196289, 14.81318473815918, 15.069007873535156, 14.883995056152344, 16.321897506713867, 15.614032745361328, 15.497922897338867, 15.249013900756836, 15.48004150390625, 14.737844467163086, 15.337944030761719, 21.191835403442383, 21.02184295654297, 15.861988067626953, 14.594078063964844, 14.783859252929688, 15.873908996582031, 14.889001846313477, 14.664888381958008, 14.631986618041992, 14.427900314331055, 14.824151992797852, 15.384912490844727, 15.883922576904297, 14.930963516235352, 17.683982849121094, 15.774965286254883, 24.24001693725586, 19.47498321533203, 17.130136489868164, 14.899015426635742, 15.060901641845703, 14.891862869262695, 16.192913055419922, 16.12401008605957, 14.904975891113281, 15.651941299438477, 16.37101173400879, 15.52891731262207, 15.925884246826172, 16.144990921020508, 15.496969223022461, 15.430927276611328, 23.483991622924805, 17.002105712890625, 18.030166625976562, 17.554044723510742]}