{"GET /sizes run #0": [286.5631580352783, 223.05893898010254, 248.29387664794922, 288.46192359924316, 180.2060604095459, 201.246976852417, 239.80021476745605, 245.19920349121094, 246.71483039855957, 185.23001670837402, 185.10103225708008, 216.8271541595459, 239.5801544189453, 234.59982872009277, 182.8479766845703, 192.98100471496582, 226.84001922607422, 266.9339179992676, 207.474946975708, 205.80697059631348, 227.22291946411133, 237.30993270874023, 233.76011848449707, 178.50708961486816, 192.1229362487793, 227.9510498046875, 247.39909172058105, 260.875940322876, 176.40399932861328, 178.73716354370117, 218.68491172790527, 243.0100440979004, 223.64091873168945, 174.63302612304688, 199.65410232543945, 225.8467674255371, 248.13508987426758, 178.10916900634766, 171.356201171875, 228.51109504699707, 243.29018592834473, 187.6211166381836, 205.718994140625, 226.88698768615723, 242.811918258667, 176.1910915374756, 164.55507278442383, 231.13679885864258, 238.48509788513184, 248.22306632995605, 178.90405654907227, 196.44498825073242, 219.12193298339844, 235.69083213806152, 203.91201972961426, 179.45098876953125, 210.62588691711426, 227.586030960083, 219.93708610534668, 178.55381965637207, 186.5530014038086, 229.62117195129395, 235.69703102111816, 179.82101440429688, 178.09391021728516, 223.66094589233398, 229.91490364074707, 206.19583129882812, 182.6779842376709, 216.0940170288086, 232.2561740875244, 240.42296409606934, 181.9000244140625, 186.5990161895752, 235.8078956604004, 236.30499839782715, 231.60791397094727, 179.0030002593994, 176.055908203125, 225.70109367370605, 240.8440113067627, 201.15089416503906, 179.86512184143066, 214.7219181060791, 234.7428798675537, 227.10084915161133, 180.89699745178223, 188.70210647583008, 229.65097427368164, 232.96189308166504, 225.0049114227295, 178.76791954040527, 180.68790435791016, 229.72798347473145, 238.83390426635742, 229.67004776000977, 178.4799098968506, 175.69804191589355, 229.51292991638184, 258.06403160095215], "GET /sizes run #1": [42.4799919128418, 25.944948196411133, 21.42786979675293, 19.914865493774414, 16.760826110839844, 15.872001647949219, 16.786813735961914, 16.335010528564453, 17.261028289794922, 17.09604263305664, 16.986846923828125, 18.486976623535156, 19.0579891204834, 18.16105842590332, 16.559839248657227, 18.02682876586914, 21.59905433654785, 16.193866729736328, 16.025066375732422, 16.681909561157227, 17.050981521606445, 17.525911331176758, 16.498088836669922, 16.11781120300293, 16.789913177490234, 16.633987426757812, 16.16191864013672, 16.11804962158203, 18.443822860717773, 16.90387725830078, 16.17717742919922, 15.861988067626953, 27.462005615234375, 17.812013626098633, 17.3799991607666, 17.102956771850586, 17.344951629638672, 17.32802391052246, 17.792940139770508, 18.074989318847656, 19.649028778076172, 19.037961959838867, 19.060134887695312, 18.42212677001953, 16.47186279296875, 17.694950103759766, 18.687963485717773, 40.21811485290527, 17.544984817504883, 15.645980834960938, 16.603946685791016, 15.390157699584961, 16.757965087890625, 15.888214111328125, 15.333890914916992, 15.102863311767578, 15.227079391479492, 15.172958374023438, 14.957904815673828, 15.68293571472168, 15.217065811157227, 15.442848205566406, 14.919042587280273, 15.668869018554688, 17.64082908630371, 21.259069442749023, 16.101837158203125, 14.913082122802734, 19.75703239440918, 15.934944152832031, 15.125036239624023, 15.372991561889648, 15.727043151855469, 14.913082122802734, 15.92707633972168, 16.90506935119629, 16.685009002685547, 15.570878982543945, 16.60299301147461, 14.935970306396484, 16.737937927246094, 17.987966537475586, 17.348051071166992, 16.659021377563477, 23.862123489379883, 15.56396484375, 16.284942626953125, 18.327951431274414, 15.071868896484375, 15.302896499633789, 15.486955642700195, 14.647960662841797, 14.739036560058594, 15.717029571533203, 16.47019386291504, 15.482902526855469, 16.438961029052734, 15.719175338745117, 16.64280891418457, 14.825820922851562]}