{"GET /merchants": [366.29700660705566, 299.3907928466797, 373.42000007629395, 304.2128086090088, 337.4178409576416, 332.78584480285645, 290.7600402832031, 393.62502098083496, 285.7961654663086, 301.4969825744629, 362.11705207824707, 281.2480926513672, 312.84618377685547, 340.12413024902344, 280.52806854248047, 383.26096534729004, 279.56295013427734, 297.35589027404785, 359.0209484100342, 278.8729667663574, 307.326078414917, 352.28514671325684, 281.4328670501709, 338.43207359313965, 320.634126663208, 286.32402420043945, 375.3390312194824, 302.19388008117676, 318.01795959472656, 314.7609233856201, 306.38694763183594, 374.9730587005615, 287.3530387878418, 320.50609588623047, 346.6799259185791, 278.20801734924316, 329.5459747314453, 322.07393646240234, 286.46397590637207, 372.1280097961426, 287.19401359558105, 305.24587631225586, 336.41600608825684, 281.4748287200928, 365.2620315551758, 285.8870029449463, 297.86181449890137, 361.9239330291748, 279.80804443359375, 315.98687171936035, 329.7750949859619, 270.96104621887207, 372.330904006958, 291.87798500061035, 307.3279857635498, 335.9949588775635, 276.63612365722656, 370.52297592163086, 275.3450870513916, 307.326078414917, 338.8628959655762, 320.5909729003906, 375.1180171966553, 278.45001220703125, 309.5128536224365, 345.9291458129883, 280.30896186828613, 324.9650001525879, 325.5610466003418, 280.3530693054199, 375.3049373626709, 282.76991844177246, 305.74893951416016, 329.86903190612793, 279.83593940734863, 368.96419525146484, 284.898042678833, 314.7540092468262, 324.99217987060547, 307.82294273376465, 361.1178398132324, 284.0549945831299, 306.49709701538086, 348.73199462890625, 282.9890251159668, 328.2308578491211, 329.9059867858887, 295.9468364715576, 378.5250186920166, 282.49406814575195, 308.48217010498047, 333.61101150512695, 278.68103981018066, 364.81285095214844, 290.07697105407715, 316.5731430053711, 328.84907722473145, 284.34109687805176, 389.31798934936523, 283.42390060424805], "GET /categories": [44.251203536987305, 27.505159378051758, 26.06987953186035, 24.94978904724121, 23.75483512878418, 24.17898178100586, 21.72994613647461, 23.29707145690918, 25.928020477294922, 22.487878799438477, 21.717071533203125, 27.662992477416992, 23.435115814208984, 21.1639404296875, 23.015975952148438, 22.582054138183594, 22.55988121032715, 29.2661190032959, 20.164012908935547, 21.92997932434082, 24.103879928588867, 24.95121955871582, 22.754192352294922, 23.802995681762695, 24.97696876525879, 22.871971130371094, 25.304079055786133, 22.45497703552246, 23.10800552368164, 23.83899688720703, 22.33409881591797, 21.502971649169922, 22.687196731567383, 24.866104125976562, 22.819042205810547, 20.013093948364258, 28.56302261352539, 23.673057556152344, 29.731035232543945, 25.371074676513672, 24.071931838989258, 24.445056915283203, 23.687124252319336, 39.1690731048584, 24.03998374938965, 23.990154266357422, 34.271955490112305, 26.686906814575195, 23.106098175048828, 23.22697639465332, 23.98395538330078, 23.83112907409668, 24.302005767822266, 24.071931838989258, 26.2451171875, 28.690099716186523, 29.219865798950195, 23.766040802001953, 21.595001220703125, 23.125171661376953, 20.11394500732422, 23.7729549407959, 22.446155548095703, 19.865036010742188, 25.95996856689453, 24.751901626586914, 20.288944244384766, 22.969961166381836, 25.760889053344727, 21.548032760620117, 22.027969360351562, 24.496078491210938, 22.8269100189209, 22.305011749267578, 21.94499969482422, 22.866010665893555, 21.595001220703125, 27.484893798828125, 22.011995315551758, 21.734952926635742, 21.854162216186523, 23.24199676513672, 22.034883499145508, 20.60413360595703, 23.43606948852539, 20.22695541381836, 21.213054656982422, 25.828123092651367, 18.62788200378418, 17.55690574645996, 22.325992584228516, 19.163131713867188, 22.509098052978516, 18.264055252075195, 22.980928421020508, 22.899866104125977, 28.223037719726562, 21.997928619384766, 19.87600326538086, 21.850109100341797], "GET /sizes": [19.084930419921875, 21.12412452697754, 22.116899490356445, 19.999980926513672, 20.037174224853516, 15.66004753112793, 20.18284797668457, 16.21103286743164, 19.9429988861084, 23.014068603515625, 20.524978637695312, 18.781185150146484, 21.1179256439209, 19.66691017150879, 20.483016967773438, 17.845869064331055, 17.059803009033203, 19.93393898010254, 20.28203010559082, 21.123886108398438, 19.264936447143555, 20.29895782470703, 19.613981246948242, 21.50106430053711, 20.709991455078125, 27.06623077392578, 21.678924560546875, 19.6840763092041, 16.664981842041016, 19.578933715820312, 20.735979080200195, 15.398979187011719, 21.613121032714844, 20.33209800720215, 20.69687843322754, 20.30014991760254, 18.200159072875977, 19.43492889404297, 20.080089569091797, 19.694805145263672, 19.10400390625, 21.469831466674805, 26.85999870300293, 19.92201805114746, 19.988059997558594, 19.731998443603516, 20.136117935180664, 20.837068557739258, 20.57194709777832, 19.54793930053711, 20.267963409423828, 20.879030227661133, 18.57304573059082, 19.456148147583008, 20.566940307617188, 21.088123321533203, 22.841930389404297, 16.597986221313477, 19.433021545410156, 26.63707733154297, 20.962953567504883, 25.918006896972656, 19.004106521606445, 21.183013916015625, 19.661903381347656, 19.96612548828125, 17.328977584838867, 22.010087966918945, 20.133018493652344, 18.162012100219727, 20.5230712890625, 19.351959228515625, 18.080949783325195, 18.56398582458496, 17.756938934326172, 21.474123001098633, 24.342060089111328, 20.693063735961914, 20.68305015563965, 20.840883255004883, 21.13795280456543, 23.201942443847656, 22.554874420166016, 20.56288719177246, 22.08995819091797, 20.2329158782959, 21.67201042175293, 21.55017852783203, 20.400047302246094, 19.37103271484375, 24.04189109802246, 18.89491081237793, 16.351938247680664, 26.22199058532715, 16.87002182006836, 19.685029983520508, 18.882036209106445, 21.168947219848633, 21.593093872070312, 20.183086395263672]}