{"GET /merchants": [553.3111095428467, 521.3229656219482, 516.8840885162354, 528.7721157073975, 524.5449542999268, 522.6819515228271, 536.9360446929932, 527.008056640625, 536.3481044769287, 544.3379878997803, 537.9271507263184, 534.8691940307617, 524.2221355438232, 524.406909942627, 527.7841091156006, 516.9069766998291, 527.6360511779785, 519.4849967956543, 529.7760963439941, 533.7569713592529, 535.5191230773926, 545.950174331665, 530.0929546356201, 530.9009552001953, 539.6850109100342, 522.2229957580566, 525.3078937530518, 533.5760116577148, 519.758939743042, 515.0871276855469, 528.7871360778809, 528.8119316101074, 521.5699672698975, 523.7729549407959, 522.9411125183105, 524.8308181762695, 524.7399806976318, 520.8070278167725, 517.4059867858887, 522.2759246826172, 526.7159938812256, 533.0219268798828, 515.4061317443848, 521.5959548950195, 523.0679512023926, 531.8219661712646, 521.5818881988525, 531.8160057067871, 527.332067489624, 529.9348831176758, 523.5109329223633, 531.9340229034424, 522.0091342926025, 524.6357917785645, 526.0019302368164, 517.7559852600098, 517.7938938140869, 534.6710681915283, 515.6760215759277, 520.1461315155029, 517.8539752960205, 530.9209823608398, 528.6209583282471, 526.4589786529541, 526.7820358276367, 531.6791534423828, 523.9439010620117, 530.022144317627, 524.7998237609863, 528.0799865722656, 523.6270427703857, 520.6410884857178, 524.5418548583984, 526.494026184082, 538.9111042022705, 515.815019607544, 525.7549285888672, 520.4432010650635, 516.3447856903076, 523.5841274261475, 531.883955001831, 523.7917900085449, 527.4112224578857, 524.5687961578369, 521.4529037475586, 516.4229869842529, 525.8119106292725, 525.3689289093018, 525.4161357879639, 520.4408168792725, 518.4450149536133, 526.5100002288818, 524.7559547424316, 526.8149375915527, 535.5868339538574, 537.4560356140137, 531.1861038208008, 544.6631908416748, 530.1089286804199, 528.3908843994141], "GET /categories": [72.08395004272461, 31.5248966217041, 24.638891220092773, 25.18296241760254, 26.54099464416504, 23.09107780456543, 20.241975784301758, 23.637056350708008, 24.599075317382812, 27.64296531677246, 22.23515510559082, 20.84493637084961, 25.109052658081055, 26.946067810058594, 24.487018585205078, 24.54996109008789, 25.683164596557617, 25.43497085571289, 28.959035873413086, 26.383161544799805, 23.405075073242188, 24.099111557006836, 26.780128479003906, 23.90909194946289, 26.417970657348633, 25.453805923461914, 37.21284866333008, 23.193836212158203, 23.395061492919922, 21.953105926513672, 23.890018463134766, 24.729013442993164, 24.204015731811523, 20.85590362548828, 18.800020217895508, 22.04108238220215, 24.760961532592773, 21.431922912597656, 25.5429744720459, 21.444082260131836, 24.930953979492188, 22.392988204956055, 20.836830139160156, 30.488014221191406, 18.415212631225586, 21.13795280456543, 22.715091705322266, 28.39493751525879, 22.706031799316406, 20.556926727294922, 22.816896438598633, 24.26886558532715, 21.61717414855957, 18.419981002807617, 22.810935974121094, 21.965980529785156, 19.407987594604492, 28.548002243041992, 24.616003036499023, 23.930072784423828, 25.596141815185547, 22.0949649810791, 24.487972259521484, 21.839141845703125, 28.2437801361084, 37.77909278869629, 23.263931274414062, 18.034934997558594, 20.953893661499023, 23.49996566772461, 19.22893524169922, 18.290996551513672, 19.438982009887695, 17.99607276916504, 20.24102210998535, 24.567842483520508, 22.331953048706055, 26.081085205078125, 19.925832748413086, 22.58896827697754, 18.784046173095703, 19.732952117919922, 19.672870635986328, 20.43294906616211, 23.649215698242188, 23.535966873168945, 24.50394630432129, 24.228811264038086, 21.99101448059082, 22.233963012695312, 23.309946060180664, 22.1250057220459, 22.706985473632812, 23.662090301513672, 23.255109786987305, 20.920991897583008, 32.379865646362305, 25.06709098815918, 26.051044464111328, 26.527881622314453], "GET /sizes": [198.1348991394043, 222.69892692565918, 253.0980110168457, 181.95581436157227, 220.8390235900879, 249.87292289733887, 176.67603492736816, 219.34795379638672, 253.4499168395996, 186.77520751953125, 246.15788459777832, 180.94897270202637, 218.08886528015137, 218.4429168701172, 233.2019805908203, 189.41211700439453, 261.22212409973145, 179.63910102844238, 213.54198455810547, 239.7608757019043, 186.16795539855957, 259.6769332885742, 174.30686950683594, 214.74885940551758, 256.31093978881836, 177.4439811706543, 214.02692794799805, 234.1020107269287, 188.9350414276123, 255.2781105041504, 180.67121505737305, 220.57390213012695, 247.39313125610352, 175.9190559387207, 257.5879096984863, 186.40804290771484, 218.5361385345459, 232.0108413696289, 235.89611053466797, 226.5341281890869, 240.30399322509766, 223.88386726379395, 216.3238525390625, 217.20290184020996, 223.83809089660645, 241.1491870880127, 227.22578048706055, 221.70615196228027, 223.62685203552246, 218.1379795074463, 240.43893814086914, 234.544038772583, 212.14985847473145, 224.19190406799316, 221.51899337768555, 218.5192108154297, 230.51810264587402, 223.77800941467285, 230.64804077148438, 225.41403770446777, 239.78900909423828, 226.1049747467041, 222.49484062194824, 221.5139865875244, 224.18808937072754, 239.92490768432617, 219.5420265197754, 223.02007675170898, 222.55611419677734, 226.06801986694336, 234.2698574066162, 224.32684898376465, 220.31497955322266, 221.20189666748047, 223.1278419494629, 238.63697052001953, 225.5399227142334, 223.3409881591797, 220.51000595092773, 224.85089302062988, 258.7759494781494, 217.78011322021484, 224.30801391601562, 224.55811500549316, 215.40498733520508, 226.68790817260742, 230.9551239013672, 214.3850326538086, 225.57306289672852, 235.029935836792, 222.86701202392578, 214.60700035095215, 219.7580337524414, 252.8059482574463, 227.28705406188965, 219.79498863220215, 236.5889549255371, 234.1299057006836, 218.20712089538574, 257.9019069671631]}