{"GET /brands run #1": [377.02488899230957, 320.8000659942627, 323.9130973815918, 299.9610900878906, 286.61108016967773, 321.13194465637207, 341.30001068115234, 291.6281223297119, 285.12096405029297, 330.5799961090088, 297.4212169647217, 286.7431640625, 316.96200370788574, 324.65600967407227, 292.93203353881836, 276.3540744781494, 318.1939125061035, 315.6859874725342, 299.2420196533203, 284.50989723205566, 311.79308891296387, 342.7720069885254, 299.8669147491455, 278.9769172668457, 321.87914848327637, 337.98909187316895, 298.49696159362793, 284.592866897583, 323.15707206726074, 334.2728614807129, 298.85411262512207, 275.13909339904785, 320.4760551452637, 320.4190731048584, 301.50389671325684, 284.1150760650635, 322.01290130615234, 308.2571029663086, 303.847074508667, 293.0769920349121, 320.36805152893066, 335.7729911804199, 294.33298110961914, 278.688907623291, 326.66897773742676, 337.770938873291, 293.2560443878174, 277.3089408874512, 324.94187355041504, 326.779842376709, 319.57387924194336, 307.3408603668213, 294.1269874572754, 288.54894638061523, 332.0751190185547, 345.1728820800781, 301.2847900390625, 285.91108322143555, 329.41317558288574, 342.12183952331543, 303.59482765197754, 281.3911437988281, 323.0750560760498, 323.73976707458496, 318.9501762390137, 312.5748634338379, 283.27417373657227, 309.27395820617676, 346.84109687805176, 301.0239601135254, 286.2269878387451, 345.81995010375977, 300.91285705566406, 290.0841236114502, 315.8130645751953, 339.31589126586914, 299.93510246276855, 276.1538028717041, 324.63717460632324, 313.0059242248535, 299.9720573425293, 282.6800346374512, 324.98788833618164, 343.764066696167, 296.39601707458496, 282.84215927124023, 328.24206352233887, 321.50793075561523, 296.61011695861816, 287.08600997924805, 326.02906227111816, 311.765193939209, 299.55220222473145, 287.85014152526855, 317.4009323120117, 324.6340751647949, 298.94495010375977, 285.16292572021484, 323.3990669250488, 311.63477897644043], "GET /brands run #0": [594.3679809570312, 562.1159076690674, 534.6550941467285, 542.2749519348145, 542.5140857696533, 539.0019416809082, 550.5118370056152, 534.8670482635498, 540.687084197998, 542.1309471130371, 541.0559177398682, 546.1399555206299, 539.4160747528076, 533.5488319396973, 537.7957820892334, 537.909984588623, 540.3580665588379, 529.3409824371338, 529.0870666503906, 537.2579097747803, 535.8219146728516, 534.5211029052734, 519.0660953521729, 522.8979587554932, 539.2329692840576, 525.3510475158691, 535.7449054718018, 529.6950340270996, 528.8300514221191, 528.846025466919, 535.8390808105469, 532.9480171203613, 541.8531894683838, 536.4441871643066, 535.5241298675537, 531.9650173187256, 527.6298522949219, 534.3799591064453, 535.491943359375, 544.7068214416504, 536.9648933410645, 536.5021228790283, 542.827844619751, 534.412145614624, 537.8518104553223, 534.7549915313721, 529.9999713897705, 532.477855682373, 531.6600799560547, 539.4570827484131, 531.1019420623779, 528.425931930542, 537.7590656280518, 525.1731872558594, 532.5610637664795, 527.3880958557129, 529.4418334960938, 534.574031829834, 536.27610206604, 532.6628684997559, 536.4429950714111, 529.7269821166992, 521.7089653015137, 532.8788757324219, 538.3889675140381, 551.0749816894531, 526.8089771270752, 533.7560176849365, 532.9909324645996, 534.1579914093018, 534.3129634857178, 544.8241233825684, 537.477970123291, 535.1638793945312, 535.6180667877197, 531.6760540008545, 536.5729331970215, 543.6611175537109, 529.4919013977051, 532.0010185241699, 537.6532077789307, 528.3370018005371, 533.1199169158936, 526.6189575195312, 540.5850410461426, 544.2800521850586, 539.543867111206, 538.6528968811035, 544.4948673248291, 531.7049026489258, 537.0841026306152, 531.041145324707, 530.6870937347412, 533.8690280914307, 531.4269065856934, 536.6008281707764, 539.8409366607666, 529.0498733520508, 531.4369201660156, 538.6931896209717]}