{"GET /merchants": [1627.6299953460693, 1384.0291500091553, 1460.399866104126, 1405.4808616638184, 1375.0600814819336, 1411.5359783172607, 1456.0179710388184, 1579.017162322998, 1503.9939880371094, 1469.9759483337402, 1429.753065109253, 1639.7819519042969, 1779.6618938446045, 1353.6059856414795, 1435.542106628418, 1591.5467739105225, 1448.6570358276367, 1379.13179397583, 1416.295051574707, 1495.6378936767578, 1481.492042541504, 1603.6629676818848, 1447.4499225616455, 1539.0288829803467, 1601.7658710479736, 1616.652011871338, 1558.1600666046143, 1391.9157981872559, 1410.3810787200928, 1942.295789718628, 1478.912115097046, 1947.7028846740723, 1500.1800060272217, 1392.0340538024902, 1471.1620807647705, 1419.701099395752, 1601.7608642578125, 1537.971019744873, 1498.9700317382812, 1580.1270008087158, 1550.232172012329, 1508.979082107544, 1583.2788944244385, 2228.170871734619, 1346.33207321167, 1512.2160911560059, 1590.9068584442139, 2026.266098022461, 1590.329885482788, 1408.6511135101318, 1598.7520217895508, 1407.120943069458, 1568.6988830566406, 2306.7638874053955, 1465.928077697754, 1648.258924484253, 1560.44602394104, 1470.4670906066895, 1446.8920230865479, 2213.6001586914062, 1391.98899269104, 1376.7409324645996, 1420.2699661254883, 1396.8279361724854, 1442.8799152374268, 1487.4920845031738, 1404.209852218628, 1430.159091949463, 1469.8100090026855, 2445.643901824951, 1354.5479774475098, 1399.6498584747314, 1385.2880001068115, 1377.6328563690186, 1390.4409408569336, 1372.9908466339111, 1493.0078983306885, 1376.943826675415, 1390.6850814819336, 1366.718053817749, 1415.3289794921875, 1445.8470344543457, 1397.801160812378, 1408.5540771484375, 1372.7269172668457, 1525.6059169769287, 1438.6451244354248, 1505.7339668273926, 1424.2298603057861, 1454.0388584136963, 1375.8819103240967, 1476.4940738677979, 1572.7038383483887, 1363.0361557006836, 1394.636869430542, 1406.6472053527832, 1692.3019886016846, 1559.8158836364746, 1480.4730415344238, 1424.9341487884521], "GET /categories": [612.7119064331055, 73.18305969238281, 84.44595336914062, 82.7481746673584, 116.39094352722168, 171.36192321777344, 76.46989822387695, 79.26392555236816, 83.82201194763184, 92.9861068725586, 110.68391799926758, 68.05706024169922, 110.59713363647461, 259.97090339660645, 94.50316429138184, 99.49898719787598, 79.69403266906738, 98.12092781066895, 65.48309326171875, 77.89206504821777, 175.2018928527832, 111.82093620300293, 166.16415977478027, 94.69413757324219, 110.1231575012207, 74.0499496459961, 98.83594512939453, 147.60398864746094, 78.56082916259766, 88.96303176879883, 73.0738639831543, 83.77695083618164, 130.25903701782227, 80.10387420654297, 132.03001022338867, 71.75707817077637, 60.07504463195801, 72.30496406555176, 88.74320983886719, 102.51593589782715, 63.09795379638672, 86.7769718170166, 140.1200294494629, 70.37591934204102, 69.92912292480469, 89.60485458374023, 85.83188056945801, 125.00905990600586, 87.62383460998535, 112.57410049438477, 89.61296081542969, 97.11503982543945, 187.0288848876953, 176.44000053405762, 240.65303802490234, 147.2179889678955, 64.15700912475586, 84.4569206237793, 111.12380027770996, 202.96001434326172, 154.8449993133545, 106.74190521240234, 99.04003143310547, 68.54009628295898, 137.53199577331543, 75.32596588134766, 64.9712085723877, 77.94404029846191, 67.53706932067871, 78.31001281738281, 65.92392921447754, 108.99996757507324, 81.3760757446289, 87.0051383972168, 63.935041427612305, 64.6829605102539, 69.07987594604492, 94.89798545837402, 71.13313674926758, 80.96003532409668, 82.8549861907959, 91.22896194458008, 81.6488265991211, 84.98406410217285, 123.45409393310547, 158.48183631896973, 78.06801795959473, 115.76581001281738, 180.57608604431152, 1051.8817901611328, 137.42804527282715, 113.0380630493164, 300.4279136657715, 784.2268943786621, 63.79389762878418, 70.8460807800293, 71.4101791381836, 99.1060733795166, 85.8151912689209, 121.87600135803223], "GET /sizes": [6760.3020668029785, 554.6689033508301, 492.24400520324707, 624.1660118103027, 493.3140277862549, 552.0370006561279, 627.6659965515137, 601.1240482330322, 579.7989368438721, 664.5979881286621, 545.7789897918701, 613.7180328369141, 971.9679355621338, 1139.7430896759033, 526.9999504089355, 540.524959564209, 510.27607917785645, 514.721155166626, 563.7969970703125, 425.83298683166504, 558.8719844818115, 549.1471290588379, 550.7969856262207, 651.2889862060547, 576.3211250305176, 524.0840911865234, 560.1320266723633, 490.80586433410645, 593.4910774230957, 593.0650234222412, 605.9930324554443, 615.92698097229, 561.1679553985596, 506.4888000488281, 606.4300537109375, 665.7140254974365, 607.3460578918457, 496.9339370727539, 545.0410842895508, 539.0009880065918, 572.8549957275391, 533.7090492248535, 529.3459892272949, 734.9441051483154, 589.231014251709, 517.1689987182617, 517.8380012512207, 547.4910736083984, 575.2079486846924, 809.506893157959, 496.08898162841797, 550.6870746612549, 514.4200325012207, 555.6690692901611, 546.7610359191895, 671.2970733642578, 537.9250049591064, 658.2350730895996, 556.6461086273193, 544.9049472808838, 542.6788330078125, 504.382848739624, 573.004961013794, 634.2649459838867, 601.2170314788818, 442.2729015350342, 556.6778182983398, 587.4199867248535, 619.1720962524414, 469.3770408630371, 591.5181636810303, 681.2260150909424, 496.204137802124, 687.0770454406738, 553.4741878509521, 562.0219707489014, 513.5388374328613, 761.9621753692627, 516.2301063537598, 535.4812145233154, 1120.03493309021, 594.7518348693848, 531.0001373291016, 656.0859680175781, 550.5361557006836, 497.24698066711426, 565.8109188079834, 573.0710029602051, 606.9297790527344, 574.958086013794, 591.4340019226074, 450.97804069519043, 652.3699760437012, 677.2511005401611, 490.45300483703613, 606.8918704986572, 524.0919589996338, 552.6330471038818, 510.79487800598145, 560.6098175048828]}